.	satellite	1		0	0	0
.	satellite.include	1 1		0	0	0
.	satellite.include()	1 1 0		0	0	0
.	satellite.include(satellite)	1 1 1		0	0	0
.	satellite.include(spaceship)	1 1 2		0	0	0
.	satellite.capsule	1 2		0	0	0
.	satellite.capsule()	1 2 0		0	0	0
.	satellite.main	1 3		0	0	0
.	satellite.main()	1 3 0		0	0	0
.	satellite.container	1 4		0	0	0
.	satellite.container()	1 4 0		0	0	0
.	satellite.container.map	1 4 1		0	0	0
H	satellite.container.map()	1 4 1 0	M16	0	0	0
H	satellite.container.map.set(k, v)	1 4 1 1	M16	3	1	0
H	satellite.container.map.get(k)	1 4 1 2	M16	2	1	0
H	satellite.container.map.has(k)	1 4 1 3	M16	2	1	0
H	satellite.container.map.size	1 4 1 4	M16	1	1	0
H	satellite.container.map.empty	1 4 1 5	M16	1	1	0
H	satellite.container.map.clear	1 4 1 6	M16	1	1	0
H	satellite.container.map.remove(k)	1 4 1 7	M16	2	1	0
H	satellite.container.map.keys	1 4 1 8	M16	1	1	0
H	satellite.container.map.values	1 4 1 9	M16	1	1	0
H	satellite.container.map.search(pattern)	1 4 1 10	M16	2	1	0
.	satellite.container.list	1 4 2		0	0	0
H	satellite.container.list()	1 4 2 0	M16	0	0	0
H	satellite.container.list.append	1 4 2 1	M16	2	1	0
H	satellite.container.list.size	1 4 2 2	M16	1	1	0
H	satellite.container.list.sort()	1 4 2 3	M16	1	1	0
H	satellite.container.list.sort(direction)	1 4 2 4	M16	2	1	0
H	satellite.container.list.sort_down()	1 4 2 5	M16	1	1	0
H	satellite.container.list.sort_down(key)	1 4 2 6	M16	2	1	0
H	satellite.container.list.sort_up(key)	1 4 2 7	M16	2	1	0
H	satellite.container.list.contains(x)	1 4 2 8	M16	2	1	0
H	satellite.container.list.index_of(x)	1 4 2 9	M16	2	1	0
H	satellite.container.list.empty	1 4 2 10	M16	1	1	0
H	satellite.container.list.clear	1 4 2 11	M16	1	1	0
H	satellite.container.list.first	1 4 2 12	M16	1	1	0
H	satellite.container.list.last	1 4 2 13	M16	1	1	0
H	satellite.container.list.truncate(n)	1 4 2 14	M16	2	1	0
H	satellite.container.list.reserve(n)	1 4 2 15	M16	2	1	0
H	satellite.container.list.remove_first()	1 4 2 16	M16	1	1	0
H	satellite.container.list.remove_last()	1 4 2 17	M16	1	1	0
H	satellite.container.list.remove_at(n)	1 4 2 18	M16	2	1	0
H	satellite.container.list.remove(x)	1 4 2 19	M16	2	1	0
H	satellite.container.list.insert(n, x)	1 4 2 20	M16	3	1	0
H	satellite.container.list.join(separator)	1 4 2 21	M16	2	1	0
H	satellite.container.list.reverse	1 4 2 22	M16	1	1	0
H	satellite.container.list.sum	1 4 2 23	M16	1	1	0
H	satellite.container.list.max	1 4 2 24	M16	1	1	0
H	satellite.container.list.min	1 4 2 25	M16	1	1	0
H	satellite.container.list.search(pattern)	1 4 2 26	M16	2	1	0
.	satellite.container.arguments	1 4 3		0	0	0
.	satellite.container.result	1 4 4		0	0	0
.	satellite.console	1 5		0	0	0
.	satellite.console()	1 5 0		0	0	0
H	satellite.console.display	1 5 1	M10	1	0	0
H	satellite.console.input()	1 5 2	M14	0	0	0
H	satellite.console.input(prompt)	1 5 3	M14	1	0	0
H	satellite.console.input(prompt, target)	1 5 4	M14	1	0	0
H	satellite.console.typed()	1 5 5	M14	0	0	0
H	satellite.console.width	1 5 6	M14	0	0	0
H	satellite.console.height	1 5 7	M14	0	0	0
H	satellite.console.clear()	1 5 8	M14	0	0	0
H	satellite.console.home()	1 5 9	M14	0	0	0
.	satellite.variable	1 6		0	0	0
.	satellite.variable()	1 6 0		0	0	0
.	satellite.variable.string	1 6 1		0	0	0
.	satellite.variable.string()	1 6 1 0		0	0	0
H	satellite.variable.string.size	1 6 1 1	M11	1	1	0
H	satellite.variable.string.empty	1 6 1 2	M11	1	1	0
H	satellite.variable.string.find(x)	1 6 1 3	M11	2	1	0
H	satellite.variable.string.contains(x)	1 6 1 4	M11	2	1	0
H	satellite.variable.string.substring(start, end)	1 6 1 5	M11	3	1	0
H	satellite.variable.string.starts_with(x)	1 6 1 6	M11	2	1	0
H	satellite.variable.string.ends_with(x)	1 6 1 7	M11	2	1	0
H	satellite.variable.string.lower	1 6 1 8	M11	1	1	0
H	satellite.variable.string.upper	1 6 1 9	M11	1	1	0
H	satellite.variable.string.split(separator)	1 6 1 10	M11	2	1	0
H	satellite.variable.string.trim	1 6 1 11	M11	1	1	0
H	satellite.variable.string.replace(a, b)	1 6 1 12	M11	3	1	0
H	satellite.variable.string.to_number	1 6 1 13	M11	1	1	0
H	satellite.variable.string.append(x)	1 6 1 14	M11	2	1	0
H	satellite.variable.string.clear	1 6 1 15	M11	1	1	0
H	satellite.variable.string.at(n)	1 6 1 16	M11	2	1	0
.	satellite.variable.file	1 6 2		0	0	0
.	satellite.variable.file()	1 6 2 0		0	0	0
.	satellite.variable.file.new	1 6 2 1		0	0	0
H	satellite.variable.file.open	1 6 2 2	M19	1	1	0
H	satellite.variable.file.read_line	1 6 2 3	M19	1	1	0
H	satellite.variable.file.write_line(s)	1 6 2 4	M19	2	1	0
H	satellite.variable.file.read_all	1 6 2 5	M19	1	1	0
H	satellite.variable.file.close	1 6 2 6	M19	1	1	0
H	satellite.variable.file.exists	1 6 2 7	M19	1	1	0
H	satellite.variable.file.ok	1 6 2 8	M19	1	1	0
H	satellite.variable.file.path	1 6 2 9	M19	1	1	0
H	satellite.variable.file.error	1 6 2 10	M19	1	1	0
H	satellite.variable.file.write(x)	1 6 2 11	M19	2	1	0
.	satellite.variable.time	1 6 3		0	0	0
.	satellite.variable.time()	1 6 3 0		0	0	0
.	satellite.variable.number	1 6 4		0	0	0
.	satellite.variable.number()	1 6 4 0		0	0	0
H	satellite.variable.number.shift_left(n)	1 6 4 1	M11	2	1	0
H	satellite.variable.number.max(a, b)	1 6 4 2	M11	2	1	0
H	satellite.variable.number.min(a, b)	1 6 4 3	M11	2	1	0
H	satellite.variable.number.abs(a)	1 6 4 4	M11	1	1	0
H	satellite.variable.number.clamp(a, low, high)	1 6 4 5	M11	3	1	0
H	satellite.variable.number.to_string	1 6 4 6	M11	1	1	0
H	satellite.variable.number.floor	1 6 4 7	M11	1	1	0
H	satellite.variable.number.ceil	1 6 4 8	M11	1	1	0
H	satellite.variable.number.round	1 6 4 9	M11	1	1	0
H	satellite.variable.number.power(a, b)	1 6 4 10	M15	2	1	0
H	satellite.variable.number.shift_right(n)	1 6 4 11	M11	2	1	0
H	satellite.variable.number.modulus(a, b)	1 6 4 12	M11	2	1	0
H	satellite.variable.number.truncate(a)	1 6 4 13	M15	1	1	0
H	satellite.variable.number.sqrt(a)	1 6 4 14	M15	1	1	0
H	satellite.variable.number.digits	1 6 4 15	M11	1	1	0
.	satellite.variable.binary	1 6 5		0	0	0
.	satellite.variable.binary()	1 6 5 0		0	0	0
H	satellite.variable.binary.to_number	1 6 5 1	M19.5	1	1	0
H	satellite.variable.binary.width	1 6 5 2	M19.5	1	1	0
H	satellite.variable.binary.to_string	1 6 5 3	M19.5	1	1	0
H	satellite.variable.binary.as_number	1 6 5 4	M19.5	1	1	0
H	satellite.variable.binary.digits	1 6 5 5	M19.5	1	1	0
H	satellite.variable.binary.to_hex	1 6 5 6	M19.5	1	1	0
.	satellite.variable.bool	1 6 6		0	0	0
.	satellite.variable.date	1 6 7		0	0	0
.	satellite.variable.duration	1 6 8		0	0	0
.	satellite.variable.expression	1 6 9		0	0	0
.	satellite.variable.float	1 6 10		0	0	0
.	satellite.variable.hex	1 6 11		0	0	0
.	satellite.variable.hex()	1 6 11 0		0	0	0
H	satellite.variable.hex.to_number	1 6 11 1	M19.5	1	1	0
H	satellite.variable.hex.width	1 6 11 2	M19.5	1	1	0
H	satellite.variable.hex.to_string	1 6 11 3	M19.5	1	1	0
H	satellite.variable.hex.digits	1 6 11 4	M19.5	1	1	0
H	satellite.variable.hex.to_binary	1 6 11 5	M19.5	1	1	0
.	satellite.variable.network	1 6 12		0	0	0
.	satellite.variable.thread	1 6 13		0	0	0
.	satellite.variable.thread()	1 6 13 0		0	0	0
.	satellite.variable.thread.start()	1 6 13 1		0	0	0
.	satellite.variable.thread.join()	1 6 13 2		0	0	0
.	satellite.variable.variant	1 6 14		0	0	0
.	satellite.variable.variant()	1 6 14 0		0	0	0
H	satellite.variable.variant.holding	1 6 14 1	M12	1	1	0
H	satellite.variable.variant.holds(x)	1 6 14 2	M12	2	1	0
H	satellite.variable.variant.held	1 6 14 3	M12	1	1	0
H	satellite.variable.variant.clear	1 6 14 4	M12	1	1	0
.	satellite.variable.window	1 6 15		0	0	0
.	satellite.variable.capsule	1 6 16		0	0	0
.	satellite.random	1 7		0	0	0
.	satellite.random()	1 7 0		0	0	0
H	satellite.random.fast()	1 7 1	M13	0	0	0
H	satellite.random.normal()	1 7 2	M13	0	0	0
H	satellite.random.ultra()	1 7 3	M13	0	0	0
H	satellite.random.fast(digits)	1 7 4	M13	1	0	0
H	satellite.random.fast(min, max)	1 7 5	M13	2	0	0
H	satellite.random.fast(min, max, step)	1 7 6	M13	3	0	0
H	satellite.random.normal(digits)	1 7 7	M13	1	0	0
H	satellite.random.normal(min, max)	1 7 8	M13	2	0	0
H	satellite.random.normal(min, max, step)	1 7 9	M13	3	0	0
H	satellite.random.ultra(digits)	1 7 10	M13	1	0	0
H	satellite.random.ultra(min, max)	1 7 11	M13	2	0	0
H	satellite.random.ultra(min, max, step)	1 7 12	M13	3	0	0
.	satellite.file	1 8		0	0	0
.	satellite.file()	1 8 0		0	0	0
H	satellite.file.new(path)	1 8 1	M19	1	0	0
H	satellite.file.open(path, mode)	1 8 2	M19	2	0	0
H	satellite.file.clear(path)	1 8 3	M19	1	0	0
H	satellite.file.new(path, mode)	1 8 4	M19	2	0	0
H	satellite.file.exists(path)	1 8 5	M19	1	0	0
.	satellite.time	1 9		0	0	0
.	satellite.time()	1 9 0		0	0	0
H	satellite.time.now	1 9 1	M13	0	0	0
.	satellite.time.new	1 9 2		0	0	0
H	satellite.time.sleep(n)	1 9 3	M13	1	0	0
.	satellite.spacesuit	1 10		0	0	0
.	satellite.spacesuit()	1 10 0		0	0	0
.	satellite.protected	1 11		0	0	0
.	satellite.protected()	1 11 0		0	0	0
.	satellite.public	1 12		0	0	0
.	satellite.public()	1 12 0		0	0	0
.	satellite.statement	1 13		0	0	0
.	satellite.statement()	1 13 0		0	0	0
.	satellite.statement.if	1 13 1		0	0	0
.	satellite.statement.for	1 13 2		0	0	0
.	satellite.statement.while	1 13 3		0	0	0
.	satellite.statement.else	1 13 4		0	0	0
.	satellite.library	1 14		0	0	0
.	satellite.library()	1 14 0		0	0	0
.	satellite.library.main	1 14 1		0	0	0
.	satellite.library.main()	1 14 1 0		0	0	0
.	satellite.library.main.arguments	1 14 1 1		0	0	0
.	satellite.library.main.arguments()	1 14 1 1 0		0	0	0
.	satellite.library.main.arguments.machine	1 14 1 1 1		0	0	0
.	satellite.library.main.arguments.machine()	1 14 1 1 1 0		0	0	0
.	satellite.library.main.arguments.machine.cores	1 14 1 1 1 1		0	0	0
.	satellite.library.main.arguments.machine.cpu	1 14 1 1 1 2		0	0	0
.	satellite.library.main.arguments.machine.threads	1 14 1 1 1 3		0	0	0
.	satellite.library.main.arguments.memory	1 14 1 1 2		0	0	0
.	satellite.library.main.arguments.memory()	1 14 1 1 2 0		0	0	0
.	satellite.library.main.arguments.memory.total	1 14 1 1 2 1		0	0	0
.	satellite.library.main.arguments.username	1 14 1 1 3		0	0	0
.	satellite.library.system	1 14 2		0	0	0
.	satellite.library.system()	1 14 2 0		0	0	0
H	satellite.library.system.division_digits	1 14 2 1	M15	0	0	0
H	satellite.library.system.max_depth	1 14 2 2	M15	0	0	0
H	satellite.library.system.min_free_mb	1 14 2 3	M15	0	0	0
H	satellite.library.system.float_digits	1 14 2 4	M15	0	0	0
.	satellite.return	1 15		0	0	0
.	satellite.return()	1 15 0		0	0	0
.	satellite.return(satellite)	1 15 1		0	0	0
.	satellite.return(value)	1 15 2		0	0	0
.	satellite.analyze	1 16		0	0	0
.	satellite.bool	1 17		0	0	0
.	satellite.bool()	1 17 0		0	0	0
H	satellite.bool.false	1 17 1	M11	0	0	0
H	satellite.bool.true	1 17 2	M11	0	0	0
.	satellite.directory	1 18		0	0	0
.	satellite.directory()	1 18 0		0	0	0
H	satellite.directory.change(d)	1 18 1	M19	1	0	0
H	satellite.directory.current()	1 18 2	M19	0	0	0
H	satellite.directory.exists(d)	1 18 3	M19	1	0	0
H	satellite.directory.list()	1 18 4	M19	0	0	0
H	satellite.directory.list(d)	1 18 5	M19	1	0	0
H	satellite.help	1 19	M18	0	0	0
H	satellite.help()	1 19 0	M18	0	0	0
H	satellite.help(x)	1 19 1	M18	1	0	0
.	satellite.network	1 20		0	0	0
.	satellite.network()	1 20 0		0	0	0
.	satellite.network.http(port)	1 20 1		0	0	0
.	satellite.network.https(host, port)	1 20 2		0	0	0
.	satellite.network.new	1 20 3		0	0	0
.	satellite.network.open	1 20 4		0	0	0
.	satellite.network.receive	1 20 5		0	0	0
.	satellite.network.http(host, port)	1 20 6		0	0	0
.	satellite.network.https(port, cert, key)	1 20 7		0	0	0
.	satellite.returns	1 21		0	0	0
.	satellite.system	1 22		0	0	0
.	satellite.system()	1 22 0		0	0	0
H	satellite.system.delete(x)	1 22 1	M19	1	0	0
.	satellite.system.environment	1 22 2		0	0	0
.	satellite.system.home	1 22 3		0	0	0
.	satellite.system.memory	1 22 4		0	0	0
.	satellite.system.memory()	1 22 4 0		0	0	0
.	satellite.system.memory.bit	1 22 4 1		0	0	0
.	satellite.system.memory.frequency	1 22 4 2		0	0	0
.	satellite.system.memory.main()	1 22 4 3		0	0	0
.	satellite.system.memory.swap	1 22 4 4		0	0	0
.	satellite.system.memory.swap()	1 22 4 4 0		0	0	0
.	satellite.system.memory.swap.free()	1 22 4 4 1		0	0	0
.	satellite.system.memory.swap.total()	1 22 4 4 2		0	0	0
.	satellite.system.memory.swap.used	1 22 4 4 3		0	0	0
.	satellite.system.memory.swap.free(unit)	1 22 4 4 4		0	0	0
.	satellite.system.memory.swap.total(unit)	1 22 4 4 5		0	0	0
.	satellite.system.memory.swap(unit)	1 22 4 4 6		0	0	0
.	satellite.system.memory.this	1 22 4 5		0	0	0
.	satellite.system.memory.this()	1 22 4 5 0		0	0	0
.	satellite.system.memory.this.available()	1 22 4 5 1		0	0	0
.	satellite.system.memory.this.free()	1 22 4 5 2		0	0	0
.	satellite.system.memory.this.used	1 22 4 5 3		0	0	0
.	satellite.system.memory.this.available(unit)	1 22 4 5 4		0	0	0
.	satellite.system.memory.this.free(unit)	1 22 4 5 5		0	0	0
.	satellite.system.memory.free()	1 22 4 6		0	0	0
.	satellite.system.memory.total()	1 22 4 7		0	0	0
.	satellite.system.memory.used()	1 22 4 8		0	0	0
.	satellite.system.memory.main(unit)	1 22 4 9		0	0	0
.	satellite.system.memory.free(unit)	1 22 4 10		0	0	0
.	satellite.system.memory.total(unit)	1 22 4 11		0	0	0
.	satellite.system.memory.used(unit)	1 22 4 12		0	0	0
H	satellite.system.threshold()	1 22 5	M16	0	0	0
H	satellite.system.threshold(n)	1 22 6	M16	1	0	0
H	satellite.system.persist()	1 22 7	M22	0	0	0
H	satellite.system.persist(x)	1 22 8	M22	1	0	0
.	satellite.thread	1 23		0	0	0
.	satellite.thread()	1 23 0		0	0	0
.	satellite.thread.new	1 23 1		0	0	0
.	satellite.window	1 24		0	0	0
.	satellite.window()	1 24 0		0	0	0
.	satellite.window.new	1 24 1		0	0	0
.	satellite.window.console	1 24 2		0	0	0
.	satellite.window.console()	1 24 2 0		0	0	0
.	satellite.window.console.new(title, width, height)	1 24 2 1		0	0	0
