1 6 16	satellite.variable.percentage
1 14 1 1 10	satellite.library.main.arguments.access
1 14 1 1 11	satellite.library.main.arguments.history
1 8 6	satellite.file.open(path)
1 14 1 1 2 2	satellite.library.main.arguments.memory.free
1 14 1 1 2 3	satellite.library.main.arguments.memory.used
1 14 1 1 12	satellite.library.main.arguments.directory
1 14 1 1 13	satellite.library.main.arguments.cores
1 14 1 1 14	satellite.library.main.arguments.threads
1 14 1 1 15	satellite.library.main.arguments.user
1 14 1 1 16	satellite.library.main.arguments.ram
1 14 1 1 17	satellite.library.main.arguments.dir
1 25	satellite.feedback
1 25 0	satellite.feedback()
1 25 1	satellite.feedback(x)
1 4 5	satellite.container.index
1 4 6	satellite.container.multiple
1 6 17	satellite.variable.infinity
1 26	satellite.infinity
1 26 0	satellite.infinity()
1 6 18	satellite.variable.window
1 27	satellite.window
1 27 1	satellite.window.new(title, width, height)
1 27 2	satellite.window.button(text)
1 27 3	satellite.window.label(text)
1 27 4	satellite.window.text_box(text)
1 27 5	satellite.window.text_area(text)
1 27 6	satellite.window.checkbox(text)
1 27 7	satellite.window.switch
1 27 7 0	satellite.window.switch()
1 27 8	satellite.window.slider(least, most)
1 27 9	satellite.window.number_box(least, most)
1 27 10	satellite.window.progress
1 27 10 0	satellite.window.progress()
1 27 11	satellite.window.choice(items)
1 27 12	satellite.window.row
1 27 12 0	satellite.window.row()
1 27 13	satellite.window.column
1 27 13 0	satellite.window.column()
1 27 14	satellite.window.grid
1 27 14 0	satellite.window.grid()
1 27 15	satellite.window.picture(path)
1 27 16	satellite.window.scroll
1 27 16 0	satellite.window.scroll()
1 27 17	satellite.window.frame(title)
1 27 18	satellite.window.split
1 27 18 0	satellite.window.split()
1 27 19	satellite.window.menu(title)
1 27 20	satellite.window.canvas(width, height)
1 27 21	satellite.window.tabs
1 27 21 0	satellite.window.tabs()
1 27 22	satellite.window.one_of(items)
1 5 10	satellite.console.new(title, width, height)
1 28	satellite.namespace
1 6 19	satellite.variable.color
1 6 20	satellite.variable.fraction
1 6 21	satellite.variable.arguments
1 5 11	satellite.console.foreground
1 5 11 0	satellite.console.foreground()
1 5 11 1	satellite.console.foreground(color)
1 5 12	satellite.console.background
1 5 12 0	satellite.console.background()
1 5 12 1	satellite.console.background(color)
1 29	satellite.terminal
1 29 1	satellite.terminal.foreground
1 29 1 0	satellite.terminal.foreground()
1 29 1 1	satellite.terminal.foreground(color)
1 29 2	satellite.terminal.background
1 29 2 0	satellite.terminal.background()
1 29 2 1	satellite.terminal.background(color)
1 6 13 3	satellite.variable.thread.stop()
1 6 13 4	satellite.variable.thread.wait()
1 18 6	satellite.directory.system()
1 6 22	satellite.variable.info
1 30	satellite.info
1 30 1	satellite.info.file(path)
1 30 2	satellite.info.directory(path)
1 18 7	satellite.directory.free(d)
1 31	satellite.access
1 31 1	satellite.access(name)
1 13 5	satellite.statement.break
1 13 6	satellite.statement.continue
1 6 23	satellite.variable.program
1 6 23 0	satellite.variable.program()
1 6 23 1	satellite.variable.program.start()
1 6 23 2	satellite.variable.program.ok()
1 6 23 3	satellite.variable.program.error()
1 6 23 4	satellite.variable.program.join()
1 6 23 5	satellite.variable.program.code()
1 6 23 6	satellite.variable.program.return()
1 6 23 7	satellite.variable.program.start(how)
1 6 23 8	satellite.variable.program.end()
1 6 23 9	satellite.variable.program.exit()
1 6 23 10	satellite.variable.program.quit()
1 6 23 11	satellite.variable.program.shutdown()
1 6 23 12	satellite.variable.program.pass(text)
1 6 24	satellite.variable.bash
1 6 24 0	satellite.variable.bash()
1 6 24 1	satellite.variable.bash.start()
1 6 24 2	satellite.variable.bash.ok()
1 6 24 3	satellite.variable.bash.error()
1 6 24 4	satellite.variable.bash.join()
1 6 24 5	satellite.variable.bash.code()
1 6 24 6	satellite.variable.bash.return()
1 6 24 7	satellite.variable.bash.start(how)
1 6 24 8	satellite.variable.bash.end()
1 6 24 9	satellite.variable.bash.exit()
1 6 24 10	satellite.variable.bash.quit()
1 6 24 11	satellite.variable.bash.shutdown()
1 6 24 12	satellite.variable.bash.pass(text)
1 7 17	satellite.random.seed(seed)
1 14 3	satellite.library.arguments
1 14 3 0	satellite.library.arguments()
1 14 3 1	satellite.library.arguments.machine
1 14 3 1 0	satellite.library.arguments.machine()
1 14 3 1 1	satellite.library.arguments.machine.cores
1 14 3 1 2	satellite.library.arguments.machine.cpu
1 14 3 1 3	satellite.library.arguments.machine.threads
1 14 3 1 4	satellite.library.arguments.machine.architecture
1 14 3 1 5	satellite.library.arguments.machine.byte_order
1 14 3 1 6	satellite.library.arguments.machine.page_size
1 14 3 1 7	satellite.library.arguments.machine.pointer_bits
1 14 3 2	satellite.library.arguments.memory
1 14 3 2 0	satellite.library.arguments.memory()
1 14 3 2 1	satellite.library.arguments.memory.total
1 14 3 3	satellite.library.arguments.username
1 14 3 4	satellite.library.arguments.system
1 14 3 4 0	satellite.library.arguments.system()
1 14 3 4 1	satellite.library.arguments.system.name
1 14 3 4 2	satellite.library.arguments.system.kernel
1 14 3 4 3	satellite.library.arguments.system.kernel_version
1 14 3 4 4	satellite.library.arguments.system.distribution
1 14 3 4 5	satellite.library.arguments.system.distribution_id
1 14 3 4 6	satellite.library.arguments.system.distribution_version
1 14 3 4 7	satellite.library.arguments.system.hostname
1 14 3 5	satellite.library.arguments.build
1 14 3 5 0	satellite.library.arguments.build()
1 14 3 5 1	satellite.library.arguments.build.compiler
1 14 3 5 2	satellite.library.arguments.build.compiler_version
1 14 3 5 3	satellite.library.arguments.build.standard
1 14 3 5 4	satellite.library.arguments.build.flags
1 14 3 5 5	satellite.library.arguments.build.make
1 14 3 5 6	satellite.library.arguments.build.standard_library
1 14 3 5 7	satellite.library.arguments.build.c_library
1 14 3 5 8	satellite.library.arguments.build.built
1 14 3 6	satellite.library.arguments.interpreter
1 14 3 6 0	satellite.library.arguments.interpreter()
1 14 3 6 1	satellite.library.arguments.interpreter.version
1 14 3 6 2	satellite.library.arguments.interpreter.library_path
1 14 3 6 3	satellite.library.arguments.interpreter.library_path_source
1 14 3 7	satellite.library.arguments.process
1 14 3 7 0	satellite.library.arguments.process()
1 14 3 7 1	satellite.library.arguments.process.id
1 14 3 7 2	satellite.library.arguments.process.parent
1 14 3 8	satellite.library.arguments.session
1 14 3 8 0	satellite.library.arguments.session()
1 14 3 8 1	satellite.library.arguments.session.shell
1 14 3 8 2	satellite.library.arguments.session.terminal
1 14 3 8 3	satellite.library.arguments.session.language
1 14 3 8 4	satellite.library.arguments.session.home
1 14 3 8 5	satellite.library.arguments.session.directory
1 14 3 9	satellite.library.arguments.length
1 14 3 10	satellite.library.arguments.access
1 14 3 11	satellite.library.arguments.history
1 14 3 2 2	satellite.library.arguments.memory.free
1 14 3 2 3	satellite.library.arguments.memory.used
1 14 3 12	satellite.library.arguments.directory
1 14 3 13	satellite.library.arguments.cores
1 14 3 14	satellite.library.arguments.threads
1 14 3 15	satellite.library.arguments.user
1 14 3 16	satellite.library.arguments.ram
1 14 3 17	satellite.library.arguments.dir
